Workbook

Sheet Product information
A2: Name | B2: Demotab 400 mg (EXAMPLE)
A5: Product code No. | B5: EXAMPLE01

Sheet BMR detail
A1: Sr. No. | B1: Manufacturing Batch No. | C1: Batch Size (In Kg) | D1: Mfg. Date | E1: Exp. Date | F1: SFG code | G1: Market | H1: BMR No. | I1: Master BMR No. | J1: Shelf Life | K1: OOS/OOT/Deviation/Change control | L1: Remarks | M1: Trend By Name
A2: 1
A3: 2
A4: 3
A5: 4
A6: 5
A7: 6
A8: 7
A9: 8
A10: 9
A11: 10
A12: 11
A13: 12
... A31: 30

Sheet Granulation
A1: Sr. No. | B1: Manufacturing Batch No. ↓ | C1: Equipment | D1: Dry Mixing | E1: Wet Granulation | G1: Drying (FBD) | J1: Remark
D3: Mixing Time | E3: Impeller Amperage | G3: Inlet Air Temperature | I3: Loss on Drying
B4: Limits→ | D4: 10 to 15 min | E4: 8 to 14 A | G4: 55 to 65 °C | I4: 1.5 to 3.0 % w/w
B5: Batch No.↓ | C5: Granulation | E5: Min | F5: Max | G5: Min | H5: Max
A6: 1 | B6: =('BMR detail'!B2)
A7: 2 | B7: =('BMR detail'!B3)
A8: 3 | B8: =('BMR detail'!B4)
A9: 4 | B9: =('BMR detail'!B5)
A10: 5 | B10: =('BMR detail'!B6)
A11: 6 | B11: =('BMR detail'!B7)
A12: 7 | B12: =('BMR detail'!B8)
A13: 8 | B13: =('BMR detail'!B9)
A14: 9 | B14: =('BMR detail'!B10)
A15: 10 | B15: =('BMR detail'!B11)
A16: 11 | B16: =('BMR detail'!B12)
A17: 12 | B17: =('BMR detail'!B13)
... A35: 30 | B35: =('BMR detail'!B31)

Sheet Compression
A1: Sr. No. | B1: Manufacturing Batch No. ↓ | C1: Equipment ID | D1: Compression | H1: Compression Parameter | L1: Remarks
D2: Uniformity of weight | F2: Hardness | H2: Turret Speed | J2: Main Compression Force
D3: 384 to 416 mg | F3: 60 to 120 N | H3: 20 to 40 rpm | J3: 10 to 20 kN
B4: Batch No.↓ | C4: Compression | D4: Min | E4: Max | F4: Min | G4: Max | H4: Min. | I4: Max. | J4: Min. | K4: Max.
A5: 1 | B5: =('BMR detail'!B2)
A6: 2 | B6: =('BMR detail'!B3)
A7: 3 | B7: =('BMR detail'!B4)
A8: 4 | B8: =('BMR detail'!B5)
A9: 5 | B9: =('BMR detail'!B6)
A10: 6 | B10: =('BMR detail'!B7)
A11: 7 | B11: =('BMR detail'!B8)
A12: 8 | B12: =('BMR detail'!B9)
A13: 9 | B13: =('BMR detail'!B10)
A14: 10 | B14: =('BMR detail'!B11)
A15: 11 | B15: =('BMR detail'!B12)
A16: 12 | B16: =('BMR detail'!B13)
... A34: 30 | B34: =('BMR detail'!B31)

Sheet Temp. & Humidity
A1: Sr. No. | B1: Manufacturing Batch No. ↓ | C1: Temperature Data | D1: Humidity Data | E1: Remarks
C2: Compression | D2: Compression
C3: 18-25 | D3: NMT 55
B4: Units → | C4: ºC | D4: % RH
A5: 1 | B5: =('BMR detail'!B2)
A6: 2 | B6: =('BMR detail'!B3)
A7: 3 | B7: =('BMR detail'!B4)
A8: 4 | B8: =('BMR detail'!B5)
A9: 5 | B9: =('BMR detail'!B6)
A10: 6 | B10: =('BMR detail'!B7)
A11: 7 | B11: =('BMR detail'!B8)
A12: 8 | B12: =('BMR detail'!B9)
A13: 9 | B13: =('BMR detail'!B10)
A14: 10 | B14: =('BMR detail'!B11)
A15: 11 | B15: =('BMR detail'!B12)
A16: 12 | B16: =('BMR detail'!B13)
... A34: 30 | B34: =('BMR detail'!B31)

Sheet Coating
A1: Sr. No. | B1: Stage→ | C1: Equipment Id | D1: Coating Parameter | G1: Remark
D2: Bed Temperature | F2: Weight Gain
D3: 38 to 46 °C | F3: 2.5 to 3.5 %
B4: Batch No.↓ | C4: Coating | D4: Min. | E4: Max.
A5: 1 | B5: =('BMR detail'!B2)
A6: 2 | B6: =('BMR detail'!B3)
A7: 3 | B7: =('BMR detail'!B4)
A8: 4 | B8: =('BMR detail'!B5)
A9: 5 | B9: =('BMR detail'!B6)
A10: 6 | B10: =('BMR detail'!B7)
A11: 7 | B11: =('BMR detail'!B8)
A12: 8 | B12: =('BMR detail'!B9)
A13: 9 | B13: =('BMR detail'!B10)
A14: 10 | B14: =('BMR detail'!B11)
A15: 11 | B15: =('BMR detail'!B12)
A16: 12 | B16: =('BMR detail'!B13)
... A34: 30 | B34: =('BMR detail'!B31)

Sheet Yield data
A1: Sr. No. | B1: Manufacturing Batch No. ↓ | C1: Parameters | D1: Remarks
C2: Compression
C3: NLT 97.00 %
A4: 1 | B4: =('BMR detail'!B2)
A5: 2 | B5: =('BMR detail'!B3)
A6: 3 | B6: =('BMR detail'!B4)
A7: 4 | B7: =('BMR detail'!B5)
A8: 5 | B8: =('BMR detail'!B6)
A9: 6 | B9: =('BMR detail'!B7)
A10: 7 | B10: =('BMR detail'!B8)
A11: 8 | B11: =('BMR detail'!B9)
A12: 9 | B12: =('BMR detail'!B10)
A13: 10 | B13: =('BMR detail'!B11)
A14: 11 | B14: =('BMR detail'!B12)
A15: 12 | B15: =('BMR detail'!B13)
... A33: 30 | B33: =('BMR detail'!B31)

Sheet BPR Details
A1: Sr. No. | B1: Manufacturing Batch No. | C1: SFG code | D1: Mfg. Date | E1: Exp. Date | F1: Packing Batch No. | G1: Pack style | H1: Status | I1: Market | J1: BPR No. | K1: Master BPR No. | L1: FG code | M1: Shelf Life | N1: Remarks
A2: 1
A3: 2
A4: 3
A5: 4
A6: 5
A7: 6
A8: 7
A9: 8
A10: 9
A11: 10
A12: 11
A13: 12
... A31: 30

Sheet FP-Analytical
A1: Sr. No. | B1: Manufacturing Batch No. ↓ | C1: Parameters
C2: Assay
B4: Limits→
A5: 1 | B5: =('BPR Details'!B2)
A6: 2 | B6: =('BPR Details'!B3)
A7: 3 | B7: =('BPR Details'!B4)
A8: 4 | B8: =('BPR Details'!B5)
A9: 5 | B9: =('BPR Details'!B6)
A10: 6 | B10: =('BPR Details'!B7)
A11: 7 | B11: =('BPR Details'!B8)
A12: 8 | B12: =('BPR Details'!B9)
A13: 9 | B13: =('BPR Details'!B10)
A14: 10 | B14: =('BPR Details'!B11)
A15: 11 | B15: =('BPR Details'!B12)
A16: 12 | B16: =('BPR Details'!B13)
... A34: 30 | B34: =('BPR Details'!B31)
